title,body,tags,closed
How to connect to MySQL using Python?,Error: NullPointerException at line 45.,programming,0
Why is my Python list empty after append?,I am getting an error when running my code. Here is the code and error message.,programming,0
Index out of range error in Python,I am getting an error when running my code. Here is the code and error message.,programming,0
How to fix null pointer exception in Java?,I am getting an error when running my code. Here is the code and error message.,programming,0
React useState not updating state,Error: NullPointerException at line 45.,programming,0
How to use async await in JavaScript?,Here is my code and expected output vs actual output.,programming,0
How to center div using CSS flexbox?,I am getting an error when running my code. Here is the code and error message.,programming,0
How to deploy Flask app?,I am getting an error when running my code. Here is the code and error message.,programming,0
How to deploy Flask app?,I read documentation but didn't understand this error.,programming,0
How to connect to MySQL using Python?,I tried multiple solutions but still getting error.,programming,0
Index out of range error in Python,I tried multiple solutions but still getting error.,programming,0
How to fix null pointer exception in Java?,Error: NullPointerException at line 45.,programming,0
Difference between list and tuple in Python?,Error: NullPointerException at line 45.,programming,0
Index out of range error in Python,Error: NullPointerException at line 45.,programming,0
How to connect to MySQL using Python?,I tried multiple solutions but still getting error.,programming,0
React useState not updating state,I tried multiple solutions but still getting error.,programming,0
Difference between list and tuple in Python?,Error: NullPointerException at line 45.,programming,0
How to use async await in JavaScript?,I read documentation but didn't understand this error.,programming,0
Why is my Python list empty after append?,Here is my code and expected output vs actual output.,programming,0
How to connect to MySQL using Python?,Error: NullPointerException at line 45.,programming,0
How to center div using CSS flexbox?,I tried multiple solutions but still getting error.,programming,0
Segmentation fault in C program,Error: NullPointerException at line 45.,programming,0
How to deploy Flask app?,Error: NullPointerException at line 45.,programming,0
How to use async await in JavaScript?,I read documentation but didn't understand this error.,programming,0
Index out of range error in Python,I tried multiple solutions but still getting error.,programming,0
Index out of range error in Python,I tried multiple solutions but still getting error.,programming,0
Segmentation fault in C program,I read documentation but didn't understand this error.,programming,0
How to use async await in JavaScript?,I tried multiple solutions but still getting error.,programming,0
React useState not updating state,I am getting an error when running my code. Here is the code and error message.,programming,0
Why is my Python list empty after append?,I read documentation but didn't understand this error.,programming,0
Difference between list and tuple in Python?,I am getting an error when running my code. Here is the code and error message.,programming,0
Difference between list and tuple in Python?,Here is my code and expected output vs actual output.,programming,0
React useState not updating state,I am getting an error when running my code. Here is the code and error message.,programming,0
How to use async await in JavaScript?,Error: NullPointerException at line 45.,programming,0
How to fix null pointer exception in Java?,Error: NullPointerException at line 45.,programming,0
How to deploy Flask app?,I tried multiple solutions but still getting error.,programming,0
How to connect to MySQL using Python?,I am getting an error when running my code. Here is the code and error message.,programming,0
React useState not updating state,Here is my code and expected output vs actual output.,programming,0
Why is my Python list empty after append?,Here is my code and expected output vs actual output.,programming,0
How to connect to MySQL using Python?,I am getting an error when running my code. Here is the code and error message.,programming,0
Index out of range error in Python,I am getting an error when running my code. Here is the code and error message.,programming,0
How to connect to MySQL using Python?,Error: NullPointerException at line 45.,programming,0
How to deploy Flask app?,Error: NullPointerException at line 45.,programming,0
Difference between list and tuple in Python?,I am getting an error when running my code. Here is the code and error message.,programming,0
React useState not updating state,I tried multiple solutions but still getting error.,programming,0
How to center div using CSS flexbox?,Here is my code and expected output vs actual output.,programming,0
How to center div using CSS flexbox?,Here is my code and expected output vs actual output.,programming,0
How to fix null pointer exception in Java?,Error: NullPointerException at line 45.,programming,0
Difference between list and tuple in Python?,Error: NullPointerException at line 45.,programming,0
Why is my Python list empty after append?,I tried multiple solutions but still getting error.,programming,0
React useState not updating state,I read documentation but didn't understand this error.,programming,0
React useState not updating state,I am getting an error when running my code. Here is the code and error message.,programming,0
How to use async await in JavaScript?,I am getting an error when running my code. Here is the code and error message.,programming,0
Segmentation fault in C program,Here is my code and expected output vs actual output.,programming,0
Difference between list and tuple in Python?,I am getting an error when running my code. Here is the code and error message.,programming,0
Segmentation fault in C program,Error: NullPointerException at line 45.,programming,0
How to center div using CSS flexbox?,Here is my code and expected output vs actual output.,programming,0
Segmentation fault in C program,I am getting an error when running my code. Here is the code and error message.,programming,0
Index out of range error in Python,Here is my code and expected output vs actual output.,programming,0
How to deploy Flask app?,I tried multiple solutions but still getting error.,programming,0
How to connect to MySQL using Python?,I am getting an error when running my code. Here is the code and error message.,programming,0
React useState not updating state,I tried multiple solutions but still getting error.,programming,0
How to deploy Flask app?,Error: NullPointerException at line 45.,programming,0
React useState not updating state,Here is my code and expected output vs actual output.,programming,0
Segmentation fault in C program,I am getting an error when running my code. Here is the code and error message.,programming,0
How to deploy Flask app?,I read documentation but didn't understand this error.,programming,0
Segmentation fault in C program,I read documentation but didn't understand this error.,programming,0
How to use async await in JavaScript?,I read documentation but didn't understand this error.,programming,0
Why is my Python list empty after append?,I read documentation but didn't understand this error.,programming,0
Difference between list and tuple in Python?,Error: NullPointerException at line 45.,programming,0
How to deploy Flask app?,I tried multiple solutions but still getting error.,programming,0
How to use async await in JavaScript?,Here is my code and expected output vs actual output.,programming,0
Why is my Python list empty after append?,I read documentation but didn't understand this error.,programming,0
Difference between list and tuple in Python?,I am getting an error when running my code. Here is the code and error message.,programming,0
Segmentation fault in C program,Here is my code and expected output vs actual output.,programming,0
How to fix null pointer exception in Java?,I read documentation but didn't understand this error.,programming,0
Index out of range error in Python,I read documentation but didn't understand this error.,programming,0
Segmentation fault in C program,I read documentation but didn't understand this error.,programming,0
Segmentation fault in C program,I tried multiple solutions but still getting error.,programming,0
How to center div using CSS flexbox?,I read documentation but didn't understand this error.,programming,0
How to use async await in JavaScript?,I tried multiple solutions but still getting error.,programming,0
How to center div using CSS flexbox?,Error: NullPointerException at line 45.,programming,0
How to deploy Flask app?,Error: NullPointerException at line 45.,programming,0
Index out of range error in Python,I am getting an error when running my code. Here is the code and error message.,programming,0
How to center div using CSS flexbox?,Here is my code and expected output vs actual output.,programming,0
Difference between list and tuple in Python?,Error: NullPointerException at line 45.,programming,0
Why is my Python list empty after append?,I tried multiple solutions but still getting error.,programming,0
How to fix null pointer exception in Java?,Here is my code and expected output vs actual output.,programming,0
Why is my Python list empty after append?,I tried multiple solutions but still getting error.,programming,0
Segmentation fault in C program,I tried multiple solutions but still getting error.,programming,0
Segmentation fault in C program,I am getting an error when running my code. Here is the code and error message.,programming,0
Difference between list and tuple in Python?,I am getting an error when running my code. Here is the code and error message.,programming,0
Index out of range error in Python,I tried multiple solutions but still getting error.,programming,0
How to use async await in JavaScript?,I am getting an error when running my code. Here is the code and error message.,programming,0
How to connect to MySQL using Python?,I read documentation but didn't understand this error.,programming,0
Index out of range error in Python,I tried multiple solutions but still getting error.,programming,0
Segmentation fault in C program,Here is my code and expected output vs actual output.,programming,0
How to use async await in JavaScript?,I tried multiple solutions but still getting error.,programming,0
Difference between list and tuple in Python?,I am getting an error when running my code. Here is the code and error message.,programming,0
Segmentation fault in C program,I am getting an error when running my code. Here is the code and error message.,programming,0
How to center div using CSS flexbox?,I am getting an error when running my code. Here is the code and error message.,programming,0
Difference between list and tuple in Python?,Here is my code and expected output vs actual output.,programming,0
Difference between list and tuple in Python?,I read documentation but didn't understand this error.,programming,0
React useState not updating state,Error: NullPointerException at line 45.,programming,0
How to deploy Flask app?,I tried multiple solutions but still getting error.,programming,0
Why is my Python list empty after append?,I tried multiple solutions but still getting error.,programming,0
How to center div using CSS flexbox?,Here is my code and expected output vs actual output.,programming,0
Segmentation fault in C program,Here is my code and expected output vs actual output.,programming,0
Difference between list and tuple in Python?,Error: NullPointerException at line 45.,programming,0
How to deploy Flask app?,Error: NullPointerException at line 45.,programming,0
How to center div using CSS flexbox?,I tried multiple solutions but still getting error.,programming,0
How to use async await in JavaScript?,I read documentation but didn't understand this error.,programming,0
React useState not updating state,Error: NullPointerException at line 45.,programming,0
Why is my Python list empty after append?,I tried multiple solutions but still getting error.,programming,0
How to use async await in JavaScript?,I read documentation but didn't understand this error.,programming,0
How to deploy Flask app?,Error: NullPointerException at line 45.,programming,0
Why is my Python list empty after append?,I am getting an error when running my code. Here is the code and error message.,programming,0
Why is my Python list empty after append?,Here is my code and expected output vs actual output.,programming,0
How to center div using CSS flexbox?,Here is my code and expected output vs actual output.,programming,0
Index out of range error in Python,I tried multiple solutions but still getting error.,programming,0
How to connect to MySQL using Python?,Here is my code and expected output vs actual output.,programming,0
How to fix null pointer exception in Java?,I read documentation but didn't understand this error.,programming,0
How to center div using CSS flexbox?,I tried multiple solutions but still getting error.,programming,0
React useState not updating state,I tried multiple solutions but still getting error.,programming,0
Difference between list and tuple in Python?,I tried multiple solutions but still getting error.,programming,0
Why is my Python list empty after append?,Here is my code and expected output vs actual output.,programming,0
React useState not updating state,I read documentation but didn't understand this error.,programming,0
How to fix null pointer exception in Java?,I read documentation but didn't understand this error.,programming,0
How to connect to MySQL using Python?,Here is my code and expected output vs actual output.,programming,0
How to connect to MySQL using Python?,Here is my code and expected output vs actual output.,programming,0
How to center div using CSS flexbox?,Here is my code and expected output vs actual output.,programming,0
How to fix null pointer exception in Java?,I am getting an error when running my code. Here is the code and error message.,programming,0
Index out of range error in Python,I tried multiple solutions but still getting error.,programming,0
How to fix null pointer exception in Java?,Error: NullPointerException at line 45.,programming,0
React useState not updating state,Error: NullPointerException at line 45.,programming,0
How to deploy Flask app?,I am getting an error when running my code. Here is the code and error message.,programming,0
Segmentation fault in C program,Here is my code and expected output vs actual output.,programming,0
Difference between list and tuple in Python?,I tried multiple solutions but still getting error.,programming,0
How to connect to MySQL using Python?,Here is my code and expected output vs actual output.,programming,0
How to center div using CSS flexbox?,I read documentation but didn't understand this error.,programming,0
How to connect to MySQL using Python?,I tried multiple solutions but still getting error.,programming,0
React useState not updating state,I tried multiple solutions but still getting error.,programming,0
How to fix null pointer exception in Java?,Here is my code and expected output vs actual output.,programming,0
How to connect to MySQL using Python?,I tried multiple solutions but still getting error.,programming,0
Segmentation fault in C program,I am getting an error when running my code. Here is the code and error message.,programming,0
How to connect to MySQL using Python?,I read documentation but didn't understand this error.,programming,0
Why is my Python list empty after append?,I am getting an error when running my code. Here is the code and error message.,programming,0
How to connect to MySQL using Python?,I read documentation but didn't understand this error.,programming,0
Why is my Python list empty after append?,I tried multiple solutions but still getting error.,programming,0
Segmentation fault in C program,Here is my code and expected output vs actual output.,programming,0
Difference between list and tuple in Python?,I read documentation but didn't understand this error.,programming,0
Difference between list and tuple in Python?,I tried multiple solutions but still getting error.,programming,0
How to use async await in JavaScript?,I am getting an error when running my code. Here is the code and error message.,programming,0
How to connect to MySQL using Python?,Here is my code and expected output vs actual output.,programming,0
How to use async await in JavaScript?,Error: NullPointerException at line 45.,programming,0
How to deploy Flask app?,I am getting an error when running my code. Here is the code and error message.,programming,0
How to connect to MySQL using Python?,Error: NullPointerException at line 45.,programming,0
How to center div using CSS flexbox?,I tried multiple solutions but still getting error.,programming,0
How to use async await in JavaScript?,Error: NullPointerException at line 45.,programming,0
How to center div using CSS flexbox?,I am getting an error when running my code. Here is the code and error message.,programming,0
Index out of range error in Python,I tried multiple solutions but still getting error.,programming,0
How to fix null pointer exception in Java?,Error: NullPointerException at line 45.,programming,0
How to use async await in JavaScript?,I read documentation but didn't understand this error.,programming,0
Segmentation fault in C program,I read documentation but didn't understand this error.,programming,0
React useState not updating state,Error: NullPointerException at line 45.,programming,0
Index out of range error in Python,I tried multiple solutions but still getting error.,programming,0
Why is my Python list empty after append?,I tried multiple solutions but still getting error.,programming,0
How to center div using CSS flexbox?,I tried multiple solutions but still getting error.,programming,0
How to deploy Flask app?,Error: NullPointerException at line 45.,programming,0
How to fix null pointer exception in Java?,I tried multiple solutions but still getting error.,programming,0
Segmentation fault in C program,I tried multiple solutions but still getting error.,programming,0
How to use async await in JavaScript?,Here is my code and expected output vs actual output.,programming,0
How to center div using CSS flexbox?,Error: NullPointerException at line 45.,programming,0
How to center div using CSS flexbox?,I am getting an error when running my code. Here is the code and error message.,programming,0
How to connect to MySQL using Python?,I am getting an error when running my code. Here is the code and error message.,programming,0
Segmentation fault in C program,I read documentation but didn't understand this error.,programming,0
How to deploy Flask app?,I am getting an error when running my code. Here is the code and error message.,programming,0
Index out of range error in Python,Error: NullPointerException at line 45.,programming,0
How to connect to MySQL using Python?,Error: NullPointerException at line 45.,programming,0
Index out of range error in Python,Here is my code and expected output vs actual output.,programming,0
How to fix null pointer exception in Java?,Here is my code and expected output vs actual output.,programming,0
How to deploy Flask app?,I read documentation but didn't understand this error.,programming,0
How to center div using CSS flexbox?,I am getting an error when running my code. Here is the code and error message.,programming,0
How to connect to MySQL using Python?,Here is my code and expected output vs actual output.,programming,0
React useState not updating state,Error: NullPointerException at line 45.,programming,0
How to deploy Flask app?,I am getting an error when running my code. Here is the code and error message.,programming,0
Difference between list and tuple in Python?,I read documentation but didn't understand this error.,programming,0
Index out of range error in Python,I tried multiple solutions but still getting error.,programming,0
How to center div using CSS flexbox?,Here is my code and expected output vs actual output.,programming,0
How to center div using CSS flexbox?,I am getting an error when running my code. Here is the code and error message.,programming,0
How to deploy Flask app?,Here is my code and expected output vs actual output.,programming,0
Difference between list and tuple in Python?,Here is my code and expected output vs actual output.,programming,0
React useState not updating state,I tried multiple solutions but still getting error.,programming,0
How to use async await in JavaScript?,I tried multiple solutions but still getting error.,programming,0
How to connect to MySQL using Python?,I read documentation but didn't understand this error.,programming,0
React useState not updating state,I read documentation but didn't understand this error.,programming,0
Index out of range error in Python,Here is my code and expected output vs actual output.,programming,0
Index out of range error in Python,I tried multiple solutions but still getting error.,programming,0
Segmentation fault in C program,I tried multiple solutions but still getting error.,programming,0
How to use async await in JavaScript?,I read documentation but didn't understand this error.,programming,0
How to center div using CSS flexbox?,I read documentation but didn't understand this error.,programming,0
How to connect to MySQL using Python?,Error: NullPointerException at line 45.,programming,0
React useState not updating state,I tried multiple solutions but still getting error.,programming,0
How to center div using CSS flexbox?,Here is my code and expected output vs actual output.,programming,0
How to deploy Flask app?,Error: NullPointerException at line 45.,programming,0
How to fix null pointer exception in Java?,I tried multiple solutions but still getting error.,programming,0
How to center div using CSS flexbox?,I read documentation but didn't understand this error.,programming,0
Difference between list and tuple in Python?,I am getting an error when running my code. Here is the code and error message.,programming,0
Why is my Python list empty after append?,I read documentation but didn't understand this error.,programming,0
How to connect to MySQL using Python?,Here is my code and expected output vs actual output.,programming,0
Difference between list and tuple in Python?,I tried multiple solutions but still getting error.,programming,0
How to use async await in JavaScript?,Error: NullPointerException at line 45.,programming,0
How to connect to MySQL using Python?,Error: NullPointerException at line 45.,programming,0
Index out of range error in Python,I am getting an error when running my code. Here is the code and error message.,programming,0
Segmentation fault in C program,I read documentation but didn't understand this error.,programming,0
Difference between list and tuple in Python?,I tried multiple solutions but still getting error.,programming,0
How to use async await in JavaScript?,I tried multiple solutions but still getting error.,programming,0
Why is my Python list empty after append?,I tried multiple solutions but still getting error.,programming,0
Index out of range error in Python,I tried multiple solutions but still getting error.,programming,0
Index out of range error in Python,Error: NullPointerException at line 45.,programming,0
Segmentation fault in C program,I am getting an error when running my code. Here is the code and error message.,programming,0
How to center div using CSS flexbox?,I read documentation but didn't understand this error.,programming,0
How to use async await in JavaScript?,I read documentation but didn't understand this error.,programming,0
How to connect to MySQL using Python?,I read documentation but didn't understand this error.,programming,0
Why is my Python list empty after append?,I read documentation but didn't understand this error.,programming,0
React useState not updating state,I read documentation but didn't understand this error.,programming,0
React useState not updating state,I am getting an error when running my code. Here is the code and error message.,programming,0
Segmentation fault in C program,I read documentation but didn't understand this error.,programming,0
How to fix null pointer exception in Java?,I tried multiple solutions but still getting error.,programming,0
How to use async await in JavaScript?,I read documentation but didn't understand this error.,programming,0
How to use async await in JavaScript?,Error: NullPointerException at line 45.,programming,0
How to center div using CSS flexbox?,I am getting an error when running my code. Here is the code and error message.,programming,0
Why is my Python list empty after append?,I am getting an error when running my code. Here is the code and error message.,programming,0
How to connect to MySQL using Python?,Here is my code and expected output vs actual output.,programming,0
Why is my Python list empty after append?,Here is my code and expected output vs actual output.,programming,0
How to use async await in JavaScript?,Error: NullPointerException at line 45.,programming,0
Segmentation fault in C program,I tried multiple solutions but still getting error.,programming,0
How to fix null pointer exception in Java?,I read documentation but didn't understand this error.,programming,0
How to fix null pointer exception in Java?,I am getting an error when running my code. Here is the code and error message.,programming,0
Index out of range error in Python,Error: NullPointerException at line 45.,programming,0
Index out of range error in Python,I read documentation but didn't understand this error.,programming,0
Segmentation fault in C program,Error: NullPointerException at line 45.,programming,0
Difference between list and tuple in Python?,Here is my code and expected output vs actual output.,programming,0
How to use async await in JavaScript?,I read documentation but didn't understand this error.,programming,0
How to center div using CSS flexbox?,I read documentation but didn't understand this error.,programming,0
Difference between list and tuple in Python?,I am getting an error when running my code. Here is the code and error message.,programming,0
Difference between list and tuple in Python?,I tried multiple solutions but still getting error.,programming,0
React useState not updating state,Here is my code and expected output vs actual output.,programming,0
Segmentation fault in C program,I tried multiple solutions but still getting error.,programming,0
How to connect to MySQL using Python?,Error: NullPointerException at line 45.,programming,0
React useState not updating state,I tried multiple solutions but still getting error.,programming,0
Difference between list and tuple in Python?,Here is my code and expected output vs actual output.,programming,0
How to use async await in JavaScript?,I tried multiple solutions but still getting error.,programming,0
Why is my Python list empty after append?,I tried multiple solutions but still getting error.,programming,0
How to deploy Flask app?,I tried multiple solutions but still getting error.,programming,0
React useState not updating state,Error: NullPointerException at line 45.,programming,0
How to use async await in JavaScript?,Here is my code and expected output vs actual output.,programming,0
How to use async await in JavaScript?,I read documentation but didn't understand this error.,programming,0
How to use async await in JavaScript?,I tried multiple solutions but still getting error.,programming,0
How to center div using CSS flexbox?,I tried multiple solutions but still getting error.,programming,0
Why is my Python list empty after append?,Error: NullPointerException at line 45.,programming,0
Segmentation fault in C program,Error: NullPointerException at line 45.,programming,0
Why is my Python list empty after append?,I read documentation but didn't understand this error.,programming,0
How to use async await in JavaScript?,Error: NullPointerException at line 45.,programming,0
Why is my Python list empty after append?,Here is my code and expected output vs actual output.,programming,0
How to center div using CSS flexbox?,Error: NullPointerException at line 45.,programming,0
How to use async await in JavaScript?,I tried multiple solutions but still getting error.,programming,0
How to use async await in JavaScript?,I read documentation but didn't understand this error.,programming,0
How to use async await in JavaScript?,Here is my code and expected output vs actual output.,programming,0
Index out of range error in Python,I am getting an error when running my code. Here is the code and error message.,programming,0
How to center div using CSS flexbox?,I am getting an error when running my code. Here is the code and error message.,programming,0
Segmentation fault in C program,Error: NullPointerException at line 45.,programming,0
How to center div using CSS flexbox?,I tried multiple solutions but still getting error.,programming,0
Why is my Python list empty after append?,Here is my code and expected output vs actual output.,programming,0
How to use async await in JavaScript?,Here is my code and expected output vs actual output.,programming,0
How to connect to MySQL using Python?,Error: NullPointerException at line 45.,programming,0
How to center div using CSS flexbox?,I read documentation but didn't understand this error.,programming,0
Segmentation fault in C program,I read documentation but didn't understand this error.,programming,0
How to fix null pointer exception in Java?,I tried multiple solutions but still getting error.,programming,0
Index out of range error in Python,I am getting an error when running my code. Here is the code and error message.,programming,0
Segmentation fault in C program,I am getting an error when running my code. Here is the code and error message.,programming,0
Why is my Python list empty after append?,I am getting an error when running my code. Here is the code and error message.,programming,0
Index out of range error in Python,I read documentation but didn't understand this error.,programming,0
How to use async await in JavaScript?,I read documentation but didn't understand this error.,programming,0
Segmentation fault in C program,Here is my code and expected output vs actual output.,programming,0
How to connect to MySQL using Python?,I read documentation but didn't understand this error.,programming,0
How to deploy Flask app?,I read documentation but didn't understand this error.,programming,0
How to deploy Flask app?,I am getting an error when running my code. Here is the code and error message.,programming,0
Segmentation fault in C program,Error: NullPointerException at line 45.,programming,0
React useState not updating state,I read documentation but didn't understand this error.,programming,0
How to use async await in JavaScript?,I tried multiple solutions but still getting error.,programming,0
How to connect to MySQL using Python?,I read documentation but didn't understand this error.,programming,0
React useState not updating state,I am getting an error when running my code. Here is the code and error message.,programming,0
How to use async await in JavaScript?,Here is my code and expected output vs actual output.,programming,0
How to use async await in JavaScript?,I am getting an error when running my code. Here is the code and error message.,programming,0
How to deploy Flask app?,Error: NullPointerException at line 45.,programming,0
How to use async await in JavaScript?,I read documentation but didn't understand this error.,programming,0
Index out of range error in Python,I tried multiple solutions but still getting error.,programming,0
How to connect to MySQL using Python?,Error: NullPointerException at line 45.,programming,0
Index out of range error in Python,Error: NullPointerException at line 45.,programming,0
How to fix null pointer exception in Java?,I tried multiple solutions but still getting error.,programming,0
Why is my Python list empty after append?,I read documentation but didn't understand this error.,programming,0
How to connect to MySQL using Python?,Error: NullPointerException at line 45.,programming,0
Why is my Python list empty after append?,Here is my code and expected output vs actual output.,programming,0
Index out of range error in Python,I am getting an error when running my code. Here is the code and error message.,programming,0
How to fix null pointer exception in Java?,Error: NullPointerException at line 45.,programming,0
Difference between list and tuple in Python?,I am getting an error when running my code. Here is the code and error message.,programming,0
React useState not updating state,Here is my code and expected output vs actual output.,programming,0
How to center div using CSS flexbox?,Here is my code and expected output vs actual output.,programming,0
How to center div using CSS flexbox?,I tried multiple solutions but still getting error.,programming,0
Index out of range error in Python,Error: NullPointerException at line 45.,programming,0
Difference between list and tuple in Python?,I read documentation but didn't understand this error.,programming,0
React useState not updating state,I tried multiple solutions but still getting error.,programming,0
How to connect to MySQL using Python?,I am getting an error when running my code. Here is the code and error message.,programming,0
React useState not updating state,I am getting an error when running my code. Here is the code and error message.,programming,0
How to use async await in JavaScript?,I read documentation but didn't understand this error.,programming,0
How to center div using CSS flexbox?,I read documentation but didn't understand this error.,programming,0
How to use async await in JavaScript?,I am getting an error when running my code. Here is the code and error message.,programming,0
React useState not updating state,Error: NullPointerException at line 45.,programming,0
Segmentation fault in C program,Here is my code and expected output vs actual output.,programming,0
Index out of range error in Python,Here is my code and expected output vs actual output.,programming,0
How to connect to MySQL using Python?,I read documentation but didn't understand this error.,programming,0
Why is my Python list empty after append?,Here is my code and expected output vs actual output.,programming,0
React useState not updating state,I am getting an error when running my code. Here is the code and error message.,programming,0
Index out of range error in Python,I read documentation but didn't understand this error.,programming,0
Index out of range error in Python,Error: NullPointerException at line 45.,programming,0
How to use async await in JavaScript?,I read documentation but didn't understand this error.,programming,0
Segmentation fault in C program,Error: NullPointerException at line 45.,programming,0
Why is my Python list empty after append?,Here is my code and expected output vs actual output.,programming,0
Segmentation fault in C program,I tried multiple solutions but still getting error.,programming,0
How to use async await in JavaScript?,I am getting an error when running my code. Here is the code and error message.,programming,0
How to deploy Flask app?,I tried multiple solutions but still getting error.,programming,0
How to use async await in JavaScript?,I read documentation but didn't understand this error.,programming,0
Index out of range error in Python,I read documentation but didn't understand this error.,programming,0
Segmentation fault in C program,Error: NullPointerException at line 45.,programming,0
Difference between list and tuple in Python?,I tried multiple solutions but still getting error.,programming,0
How to fix null pointer exception in Java?,Here is my code and expected output vs actual output.,programming,0
Index out of range error in Python,Here is my code and expected output vs actual output.,programming,0
Difference between list and tuple in Python?,I am getting an error when running my code. Here is the code and error message.,programming,0
Why is my Python list empty after append?,I read documentation but didn't understand this error.,programming,0
How to deploy Flask app?,I tried multiple solutions but still getting error.,programming,0
How to fix null pointer exception in Java?,I read documentation but didn't understand this error.,programming,0
How to use async await in JavaScript?,I tried multiple solutions but still getting error.,programming,0
How to use async await in JavaScript?,Error: NullPointerException at line 45.,programming,0
React useState not updating state,I tried multiple solutions but still getting error.,programming,0
Index out of range error in Python,I am getting an error when running my code. Here is the code and error message.,programming,0
Why is my Python list empty after append?,I am getting an error when running my code. Here is the code and error message.,programming,0
Why is my Python list empty after append?,Here is my code and expected output vs actual output.,programming,0
How to deploy Flask app?,I tried multiple solutions but still getting error.,programming,0
How to deploy Flask app?,Here is my code and expected output vs actual output.,programming,0
How to deploy Flask app?,I tried multiple solutions but still getting error.,programming,0
Segmentation fault in C program,Error: NullPointerException at line 45.,programming,0
How to fix null pointer exception in Java?,Here is my code and expected output vs actual output.,programming,0
How to center div using CSS flexbox?,I am getting an error when running my code. Here is the code and error message.,programming,0
Why is my Python list empty after append?,Here is my code and expected output vs actual output.,programming,0
How to connect to MySQL using Python?,I read documentation but didn't understand this error.,programming,0
Index out of range error in Python,Here is my code and expected output vs actual output.,programming,0
How to use async await in JavaScript?,I read documentation but didn't understand this error.,programming,0
How to fix null pointer exception in Java?,Here is my code and expected output vs actual output.,programming,0
How to deploy Flask app?,I am getting an error when running my code. Here is the code and error message.,programming,0
How to use async await in JavaScript?,I am getting an error when running my code. Here is the code and error message.,programming,0
How to use async await in JavaScript?,Here is my code and expected output vs actual output.,programming,0
How to fix null pointer exception in Java?,Error: NullPointerException at line 45.,programming,0
How to deploy Flask app?,Here is my code and expected output vs actual output.,programming,0
How to connect to MySQL using Python?,I am getting an error when running my code. Here is the code and error message.,programming,0
Index out of range error in Python,I am getting an error when running my code. Here is the code and error message.,programming,0
Segmentation fault in C program,I read documentation but didn't understand this error.,programming,0
How to center div using CSS flexbox?,I am getting an error when running my code. Here is the code and error message.,programming,0
Difference between list and tuple in Python?,I am getting an error when running my code. Here is the code and error message.,programming,0
How to fix null pointer exception in Java?,I tried multiple solutions but still getting error.,programming,0
How to fix null pointer exception in Java?,Error: NullPointerException at line 45.,programming,0
How to connect to MySQL using Python?,I tried multiple solutions but still getting error.,programming,0
How to fix null pointer exception in Java?,I tried multiple solutions but still getting error.,programming,0
Difference between list and tuple in Python?,I am getting an error when running my code. Here is the code and error message.,programming,0
Segmentation fault in C program,I am getting an error when running my code. Here is the code and error message.,programming,0
Why is my Python list empty after append?,Error: NullPointerException at line 45.,programming,0
How to connect to MySQL using Python?,I tried multiple solutions but still getting error.,programming,0
How to deploy Flask app?,I tried multiple solutions but still getting error.,programming,0
How to deploy Flask app?,I tried multiple solutions but still getting error.,programming,0
How to use async await in JavaScript?,I am getting an error when running my code. Here is the code and error message.,programming,0
How to fix null pointer exception in Java?,I read documentation but didn't understand this error.,programming,0
How to center div using CSS flexbox?,Error: NullPointerException at line 45.,programming,0
How to center div using CSS flexbox?,I tried multiple solutions but still getting error.,programming,0
Index out of range error in Python,Here is my code and expected output vs actual output.,programming,0
Difference between list and tuple in Python?,I am getting an error when running my code. Here is the code and error message.,programming,0
Difference between list and tuple in Python?,I am getting an error when running my code. Here is the code and error message.,programming,0
How to connect to MySQL using Python?,I am getting an error when running my code. Here is the code and error message.,programming,0
How to use async await in JavaScript?,I tried multiple solutions but still getting error.,programming,0
How to center div using CSS flexbox?,Here is my code and expected output vs actual output.,programming,0
How to connect to MySQL using Python?,I am getting an error when running my code. Here is the code and error message.,programming,0
How to deploy Flask app?,I read documentation but didn't understand this error.,programming,0
How to deploy Flask app?,Error: NullPointerException at line 45.,programming,0
Segmentation fault in C program,I tried multiple solutions but still getting error.,programming,0
How to center div using CSS flexbox?,Error: NullPointerException at line 45.,programming,0
How to fix null pointer exception in Java?,Error: NullPointerException at line 45.,programming,0
Index out of range error in Python,Error: NullPointerException at line 45.,programming,0
Why is my Python list empty after append?,I am getting an error when running my code. Here is the code and error message.,programming,0
How to deploy Flask app?,Here is my code and expected output vs actual output.,programming,0
How to center div using CSS flexbox?,Error: NullPointerException at line 45.,programming,0
How to use async await in JavaScript?,I am getting an error when running my code. Here is the code and error message.,programming,0
Difference between list and tuple in Python?,I am getting an error when running my code. Here is the code and error message.,programming,0
React useState not updating state,I tried multiple solutions but still getting error.,programming,0
How to connect to MySQL using Python?,I am getting an error when running my code. Here is the code and error message.,programming,0
How to deploy Flask app?,I tried multiple solutions but still getting error.,programming,0
How to connect to MySQL using Python?,Error: NullPointerException at line 45.,programming,0
React useState not updating state,I tried multiple solutions but still getting error.,programming,0
Difference between list and tuple in Python?,Here is my code and expected output vs actual output.,programming,0
Difference between list and tuple in Python?,Here is my code and expected output vs actual output.,programming,0
Difference between list and tuple in Python?,Error: NullPointerException at line 45.,programming,0
React useState not updating state,I tried multiple solutions but still getting error.,programming,0
How to connect to MySQL using Python?,I read documentation but didn't understand this error.,programming,0
Index out of range error in Python,I tried multiple solutions but still getting error.,programming,0
How to center div using CSS flexbox?,I tried multiple solutions but still getting error.,programming,0
How to center div using CSS flexbox?,I tried multiple solutions but still getting error.,programming,0
How to fix null pointer exception in Java?,I am getting an error when running my code. Here is the code and error message.,programming,0
Difference between list and tuple in Python?,I am getting an error when running my code. Here is the code and error message.,programming,0
Index out of range error in Python,Error: NullPointerException at line 45.,programming,0
How to use async await in JavaScript?,Here is my code and expected output vs actual output.,programming,0
How to use async await in JavaScript?,I tried multiple solutions but still getting error.,programming,0
Why is my Python list empty after append?,I read documentation but didn't understand this error.,programming,0
React useState not updating state,Here is my code and expected output vs actual output.,programming,0
Segmentation fault in C program,Here is my code and expected output vs actual output.,programming,0
How to center div using CSS flexbox?,Here is my code and expected output vs actual output.,programming,0
Difference between list and tuple in Python?,I am getting an error when running my code. Here is the code and error message.,programming,0
How to use async await in JavaScript?,I read documentation but didn't understand this error.,programming,0
How to connect to MySQL using Python?,I read documentation but didn't understand this error.,programming,0
Why is my Python list empty after append?,Here is my code and expected output vs actual output.,programming,0
How to connect to MySQL using Python?,I tried multiple solutions but still getting error.,programming,0
Segmentation fault in C program,Here is my code and expected output vs actual output.,programming,0
How to use async await in JavaScript?,Error: NullPointerException at line 45.,programming,0
Why is my Python list empty after append?,Here is my code and expected output vs actual output.,programming,0
Segmentation fault in C program,I read documentation but didn't understand this error.,programming,0
How to fix null pointer exception in Java?,Error: NullPointerException at line 45.,programming,0
How to deploy Flask app?,I read documentation but didn't understand this error.,programming,0
React useState not updating state,Error: NullPointerException at line 45.,programming,0
Difference between list and tuple in Python?,I read documentation but didn't understand this error.,programming,0
React useState not updating state,Error: NullPointerException at line 45.,programming,0
Index out of range error in Python,I am getting an error when running my code. Here is the code and error message.,programming,0
Difference between list and tuple in Python?,Here is my code and expected output vs actual output.,programming,0
Index out of range error in Python,Error: NullPointerException at line 45.,programming,0
Why is my Python list empty after append?,I tried multiple solutions but still getting error.,programming,0
How to deploy Flask app?,Here is my code and expected output vs actual output.,programming,0
React useState not updating state,I am getting an error when running my code. Here is the code and error message.,programming,0
How to connect to MySQL using Python?,I tried multiple solutions but still getting error.,programming,0
How to deploy Flask app?,I tried multiple solutions but still getting error.,programming,0
React useState not updating state,I tried multiple solutions but still getting error.,programming,0
Difference between list and tuple in Python?,I tried multiple solutions but still getting error.,programming,0
React useState not updating state,Error: NullPointerException at line 45.,programming,0
How to connect to MySQL using Python?,I am getting an error when running my code. Here is the code and error message.,programming,0
How to connect to MySQL using Python?,I read documentation but didn't understand this error.,programming,0
How to connect to MySQL using Python?,Error: NullPointerException at line 45.,programming,0
How to fix null pointer exception in Java?,I am getting an error when running my code. Here is the code and error message.,programming,0
React useState not updating state,I read documentation but didn't understand this error.,programming,0
Why is my Python list empty after append?,I tried multiple solutions but still getting error.,programming,0
How to use async await in JavaScript?,Error: NullPointerException at line 45.,programming,0
How to use async await in JavaScript?,Here is my code and expected output vs actual output.,programming,0
Segmentation fault in C program,Error: NullPointerException at line 45.,programming,0
How to deploy Flask app?,I read documentation but didn't understand this error.,programming,0
Difference between list and tuple in Python?,Error: NullPointerException at line 45.,programming,0
How to center div using CSS flexbox?,I read documentation but didn't understand this error.,programming,0
React useState not updating state,I tried multiple solutions but still getting error.,programming,0
How to center div using CSS flexbox?,I am getting an error when running my code. Here is the code and error message.,programming,0
Difference between list and tuple in Python?,Error: NullPointerException at line 45.,programming,0
How to connect to MySQL using Python?,Here is my code and expected output vs actual output.,programming,0
How to deploy Flask app?,I tried multiple solutions but still getting error.,programming,0
How to connect to MySQL using Python?,Error: NullPointerException at line 45.,programming,0
How to center div using CSS flexbox?,Error: NullPointerException at line 45.,programming,0
How to center div using CSS flexbox?,I tried multiple solutions but still getting error.,programming,0
Index out of range error in Python,I am getting an error when running my code. Here is the code and error message.,programming,0
Why is my Python list empty after append?,I read documentation but didn't understand this error.,programming,0
Why is my Python list empty after append?,I read documentation but didn't understand this error.,programming,0
How to fix null pointer exception in Java?,Error: NullPointerException at line 45.,programming,0
Difference between list and tuple in Python?,Error: NullPointerException at line 45.,programming,0
Difference between list and tuple in Python?,I am getting an error when running my code. Here is the code and error message.,programming,0
How to fix null pointer exception in Java?,I tried multiple solutions but still getting error.,programming,0
Why is my Python list empty after append?,I am getting an error when running my code. Here is the code and error message.,programming,0
Segmentation fault in C program,Here is my code and expected output vs actual output.,programming,0
React useState not updating state,Here is my code and expected output vs actual output.,programming,0
How to use async await in JavaScript?,I tried multiple solutions but still getting error.,programming,0
Why is my Python list empty after append?,I am getting an error when running my code. Here is the code and error message.,programming,0
Index out of range error in Python,I tried multiple solutions but still getting error.,programming,0
How to fix null pointer exception in Java?,I am getting an error when running my code. Here is the code and error message.,programming,0
How to connect to MySQL using Python?,I am getting an error when running my code. Here is the code and error message.,programming,0
Difference between list and tuple in Python?,I tried multiple solutions but still getting error.,programming,0
React useState not updating state,I read documentation but didn't understand this error.,programming,0
How to connect to MySQL using Python?,I am getting an error when running my code. Here is the code and error message.,programming,0
How to connect to MySQL using Python?,I tried multiple solutions but still getting error.,programming,0
Difference between list and tuple in Python?,Here is my code and expected output vs actual output.,programming,0
Difference between list and tuple in Python?,I am getting an error when running my code. Here is the code and error message.,programming,0
How to deploy Flask app?,I am getting an error when running my code. Here is the code and error message.,programming,0
How to use async await in JavaScript?,I read documentation but didn't understand this error.,programming,0
Index out of range error in Python,Here is my code and expected output vs actual output.,programming,0
Segmentation fault in C program,Here is my code and expected output vs actual output.,programming,0
Difference between list and tuple in Python?,Error: NullPointerException at line 45.,programming,0
Why is my Python list empty after append?,I am getting an error when running my code. Here is the code and error message.,programming,0
React useState not updating state,Here is my code and expected output vs actual output.,programming,0
How to center div using CSS flexbox?,Here is my code and expected output vs actual output.,programming,0
Index out of range error in Python,Error: NullPointerException at line 45.,programming,0
How to deploy Flask app?,I am getting an error when running my code. Here is the code and error message.,programming,0
How to connect to MySQL using Python?,I am getting an error when running my code. Here is the code and error message.,programming,0
Anyone help?,Please solve this homework for me.,homework,1
Do my assignment,I need full code urgently.,homework,1
I need full code,Anyone solve this question.,homework,1
Write program for me,Anyone solve this question.,homework,1
Do my assignment,My assignment is due tomorrow.,homework,1
Homework problem,Please solve this homework for me.,homework,1
ASAP help,I need full code urgently.,homework,1
I need full code,Please solve this homework for me.,homework,1
Write program for me,I need full code urgently.,homework,1
Homework problem,My assignment is due tomorrow.,homework,1
I need full code,Please solve this homework for me.,homework,1
ASAP help,My assignment is due tomorrow.,homework,1
Do my assignment,Anyone solve this question.,homework,1
Urgent homework,Anyone solve this question.,homework,1
Anyone help?,Write full program for this question.,homework,1
Please solve this,Anyone solve this question.,homework,1
I need full code,I need full code urgently.,homework,1
Do my assignment,My assignment is due tomorrow.,homework,1
Anyone help?,I need full code urgently.,homework,1
ASAP help,My assignment is due tomorrow.,homework,1
Please solve this,My assignment is due tomorrow.,homework,1
Help me,Please solve this homework for me.,homework,1
ASAP help,My assignment is due tomorrow.,homework,1
Code not working,Write full program for this question.,homework,1
Do my assignment,I need full code urgently.,homework,1
Homework problem,Write full program for this question.,homework,1
Help me,My assignment is due tomorrow.,homework,1
Write program for me,Write full program for this question.,homework,1
Write program for me,Please solve this homework for me.,homework,1
ASAP help,I need full code urgently.,homework,1
ASAP help,Please solve this homework for me.,homework,1
Please solve this,Please solve this homework for me.,homework,1
Please solve this,My assignment is due tomorrow.,homework,1
I need full code,Anyone solve this question.,homework,1
Urgent homework,Please solve this homework for me.,homework,1
Urgent homework,I need full code urgently.,homework,1
Code not working,Anyone solve this question.,homework,1
Homework problem,Anyone solve this question.,homework,1
ASAP help,My assignment is due tomorrow.,homework,1
ASAP help,I need full code urgently.,homework,1
Urgent homework,My assignment is due tomorrow.,homework,1
I need full code,Anyone solve this question.,homework,1
Homework problem,I need full code urgently.,homework,1
I need full code,I need full code urgently.,homework,1
Code not working,My assignment is due tomorrow.,homework,1
Write program for me,I need full code urgently.,homework,1
Write program for me,Anyone solve this question.,homework,1
Write program for me,My assignment is due tomorrow.,homework,1
Urgent homework,Write full program for this question.,homework,1
Please solve this,Please solve this homework for me.,homework,1
Code not working,Please solve this homework for me.,homework,1
I need full code,Please solve this homework for me.,homework,1
Write program for me,Write full program for this question.,homework,1
Do my assignment,Anyone solve this question.,homework,1
Homework problem,Write full program for this question.,homework,1
Please solve this,Write full program for this question.,homework,1
Homework problem,Please solve this homework for me.,homework,1
Homework problem,Please solve this homework for me.,homework,1
Write program for me,Anyone solve this question.,homework,1
I need full code,I need full code urgently.,homework,1
Code not working,Please solve this homework for me.,homework,1
Please solve this,Anyone solve this question.,homework,1
ASAP help,I need full code urgently.,homework,1
Help me,I need full code urgently.,homework,1
Please solve this,Please solve this homework for me.,homework,1
Do my assignment,I need full code urgently.,homework,1
Write program for me,Anyone solve this question.,homework,1
I need full code,Anyone solve this question.,homework,1
ASAP help,Write full program for this question.,homework,1
Please solve this,My assignment is due tomorrow.,homework,1
I need full code,My assignment is due tomorrow.,homework,1
Code not working,Please solve this homework for me.,homework,1
Code not working,My assignment is due tomorrow.,homework,1
Write program for me,I need full code urgently.,homework,1
Write program for me,Please solve this homework for me.,homework,1
Urgent homework,I need full code urgently.,homework,1
Homework problem,My assignment is due tomorrow.,homework,1
Urgent homework,I need full code urgently.,homework,1
Help me,My assignment is due tomorrow.,homework,1
I need full code,My assignment is due tomorrow.,homework,1
Code not working,I need full code urgently.,homework,1
Please solve this,I need full code urgently.,homework,1
Homework problem,Write full program for this question.,homework,1
Homework problem,Write full program for this question.,homework,1
Anyone help?,I need full code urgently.,homework,1
ASAP help,Anyone solve this question.,homework,1
Please solve this,Write full program for this question.,homework,1
Do my assignment,My assignment is due tomorrow.,homework,1
Anyone help?,Please solve this homework for me.,homework,1
Urgent homework,Write full program for this question.,homework,1
I need full code,I need full code urgently.,homework,1
ASAP help,I need full code urgently.,homework,1
Code not working,My assignment is due tomorrow.,homework,1
ASAP help,I need full code urgently.,homework,1
Code not working,I need full code urgently.,homework,1
Help me,Anyone solve this question.,homework,1
Code not working,Anyone solve this question.,homework,1
Please solve this,Please solve this homework for me.,homework,1
Do my assignment,My assignment is due tomorrow.,homework,1
Anyone help?,I need full code urgently.,homework,1
Please solve this,I need full code urgently.,homework,1
Urgent homework,Write full program for this question.,homework,1
ASAP help,Please solve this homework for me.,homework,1
Help me,Anyone solve this question.,homework,1
ASAP help,My assignment is due tomorrow.,homework,1
Help me,Please solve this homework for me.,homework,1
Urgent homework,Write full program for this question.,homework,1
Do my assignment,I need full code urgently.,homework,1
Do my assignment,I need full code urgently.,homework,1
I need full code,Please solve this homework for me.,homework,1
Code not working,Please solve this homework for me.,homework,1
I need full code,Anyone solve this question.,homework,1
Urgent homework,Please solve this homework for me.,homework,1
Help me,My assignment is due tomorrow.,homework,1
Homework problem,I need full code urgently.,homework,1
Anyone help?,Anyone solve this question.,homework,1
Write program for me,I need full code urgently.,homework,1
Write program for me,Anyone solve this question.,homework,1
Do my assignment,Write full program for this question.,homework,1
Help me,Anyone solve this question.,homework,1
Homework problem,My assignment is due tomorrow.,homework,1
Please solve this,I need full code urgently.,homework,1
Do my assignment,I need full code urgently.,homework,1
Please solve this,Please solve this homework for me.,homework,1
Homework problem,I need full code urgently.,homework,1
ASAP help,Anyone solve this question.,homework,1
I need full code,Write full program for this question.,homework,1
I need full code,My assignment is due tomorrow.,homework,1
Anyone help?,I need full code urgently.,homework,1
Code not working,Write full program for this question.,homework,1
Anyone help?,Anyone solve this question.,homework,1
Do my assignment,Anyone solve this question.,homework,1
ASAP help,Anyone solve this question.,homework,1
Please solve this,Anyone solve this question.,homework,1
Write program for me,My assignment is due tomorrow.,homework,1
Help me,My assignment is due tomorrow.,homework,1
Help me,I need full code urgently.,homework,1
I need full code,Please solve this homework for me.,homework,1
Help me,Write full program for this question.,homework,1
Do my assignment,My assignment is due tomorrow.,homework,1
Urgent homework,I need full code urgently.,homework,1
Code not working,My assignment is due tomorrow.,homework,1
ASAP help,Write full program for this question.,homework,1
Homework problem,My assignment is due tomorrow.,homework,1
Urgent homework,Write full program for this question.,homework,1
Urgent homework,I need full code urgently.,homework,1
Urgent homework,Write full program for this question.,homework,1
I need full code,Anyone solve this question.,homework,1
Do my assignment,Anyone solve this question.,homework,1
Please solve this,Write full program for this question.,homework,1
Do my assignment,I need full code urgently.,homework,1
Write program for me,Anyone solve this question.,homework,1
Anyone help?,I need full code urgently.,homework,1
ASAP help,I need full code urgently.,homework,1
Anyone help?,Please solve this homework for me.,homework,1
Help me,I need full code urgently.,homework,1
Do my assignment,Write full program for this question.,homework,1
Homework problem,My assignment is due tomorrow.,homework,1
Homework problem,I need full code urgently.,homework,1
Write program for me,My assignment is due tomorrow.,homework,1
Please solve this,My assignment is due tomorrow.,homework,1
ASAP help,I need full code urgently.,homework,1
Help me,Write full program for this question.,homework,1
Write program for me,Please solve this homework for me.,homework,1
ASAP help,Write full program for this question.,homework,1
Homework problem,I need full code urgently.,homework,1
Help me,I need full code urgently.,homework,1
Help me,I need full code urgently.,homework,1
Urgent homework,Anyone solve this question.,homework,1
Anyone help?,Anyone solve this question.,homework,1
ASAP help,Write full program for this question.,homework,1
ASAP help,Anyone solve this question.,homework,1
Write program for me,Anyone solve this question.,homework,1
Write program for me,I need full code urgently.,homework,1
Do my assignment,Anyone solve this question.,homework,1
Anyone help?,My assignment is due tomorrow.,homework,1
Write program for me,Please solve this homework for me.,homework,1
ASAP help,My assignment is due tomorrow.,homework,1
Help me,My assignment is due tomorrow.,homework,1
Help me,Write full program for this question.,homework,1
Code not working,My assignment is due tomorrow.,homework,1
I need full code,Please solve this homework for me.,homework,1
Code not working,My assignment is due tomorrow.,homework,1
Code not working,Anyone solve this question.,homework,1
Help me,Anyone solve this question.,homework,1
Do my assignment,Anyone solve this question.,homework,1
Urgent homework,My assignment is due tomorrow.,homework,1
Code not working,I need full code urgently.,homework,1
Please solve this,Please solve this homework for me.,homework,1
Help me,My assignment is due tomorrow.,homework,1
Homework problem,Write full program for this question.,homework,1
Code not working,Please solve this homework for me.,homework,1
Do my assignment,My assignment is due tomorrow.,homework,1
Write program for me,Write full program for this question.,homework,1
Anyone help?,I need full code urgently.,homework,1
Please solve this,Write full program for this question.,homework,1
Anyone help?,Anyone solve this question.,homework,1
Anyone help?,Write full program for this question.,homework,1
Do my assignment,Write full program for this question.,homework,1
Anyone help?,Write full program for this question.,homework,1
Anyone help?,Please solve this homework for me.,homework,1
Code not working,My assignment is due tomorrow.,homework,1
ASAP help,I need full code urgently.,homework,1
Code not working,Please solve this homework for me.,homework,1
Please solve this,I need full code urgently.,homework,1
Urgent homework,I need full code urgently.,homework,1
I need full code,Anyone solve this question.,homework,1
Please solve this,My assignment is due tomorrow.,homework,1
Help me,My assignment is due tomorrow.,homework,1
Anyone help?,Please solve this homework for me.,homework,1
Code not working,Please solve this homework for me.,homework,1
Do my assignment,My assignment is due tomorrow.,homework,1
ASAP help,Please solve this homework for me.,homework,1
Code not working,Write full program for this question.,homework,1
Do my assignment,Write full program for this question.,homework,1
ASAP help,I need full code urgently.,homework,1
Do my assignment,Anyone solve this question.,homework,1
Help me,Write full program for this question.,homework,1
Anyone help?,Write full program for this question.,homework,1
Help me,I need full code urgently.,homework,1
ASAP help,I need full code urgently.,homework,1
Urgent homework,Anyone solve this question.,homework,1
Homework problem,My assignment is due tomorrow.,homework,1
Code not working,I need full code urgently.,homework,1
Code not working,Please solve this homework for me.,homework,1
ASAP help,Anyone solve this question.,homework,1
I need full code,My assignment is due tomorrow.,homework,1
Homework problem,Anyone solve this question.,homework,1
Please solve this,My assignment is due tomorrow.,homework,1
I need full code,I need full code urgently.,homework,1
Help me,Please solve this homework for me.,homework,1
Please solve this,My assignment is due tomorrow.,homework,1
Code not working,I need full code urgently.,homework,1
Please solve this,Write full program for this question.,homework,1
Please solve this,Please solve this homework for me.,homework,1
Do my assignment,Anyone solve this question.,homework,1
ASAP help,Write full program for this question.,homework,1
Anyone help?,Write full program for this question.,homework,1
Urgent homework,I need full code urgently.,homework,1
ASAP help,Please solve this homework for me.,homework,1
Please solve this,Anyone solve this question.,homework,1
Help me,Please solve this homework for me.,homework,1
Anyone help?,Please solve this homework for me.,homework,1
Write program for me,My assignment is due tomorrow.,homework,1
Urgent homework,My assignment is due tomorrow.,homework,1
Urgent homework,I need full code urgently.,homework,1
Help me,Anyone solve this question.,homework,1
Please solve this,My assignment is due tomorrow.,homework,1
Write program for me,Please solve this homework for me.,homework,1
I need full code,Anyone solve this question.,homework,1
Write program for me,Please solve this homework for me.,homework,1
Code not working,Write full program for this question.,homework,1
ASAP help,Write full program for this question.,homework,1
Write program for me,Write full program for this question.,homework,1
Code not working,Anyone solve this question.,homework,1
Write program for me,I need full code urgently.,homework,1
Anyone help?,Anyone solve this question.,homework,1
Please solve this,My assignment is due tomorrow.,homework,1
Do my assignment,My assignment is due tomorrow.,homework,1
Code not working,My assignment is due tomorrow.,homework,1
Homework problem,Write full program for this question.,homework,1
Help me,Please solve this homework for me.,homework,1
I need full code,My assignment is due tomorrow.,homework,1
Write program for me,I need full code urgently.,homework,1
I need full code,Anyone solve this question.,homework,1
Urgent homework,Please solve this homework for me.,homework,1
Do my assignment,Write full program for this question.,homework,1
Anyone help?,Please solve this homework for me.,homework,1
Code not working,Please solve this homework for me.,homework,1
Homework problem,My assignment is due tomorrow.,homework,1
Please solve this,I need full code urgently.,homework,1
Urgent homework,I need full code urgently.,homework,1
I need full code,My assignment is due tomorrow.,homework,1
Please solve this,Anyone solve this question.,homework,1
I need full code,My assignment is due tomorrow.,homework,1
I need full code,My assignment is due tomorrow.,homework,1
Help me,Anyone solve this question.,homework,1
Help me,Anyone solve this question.,homework,1
Anyone help?,Write full program for this question.,homework,1
I need full code,Please solve this homework for me.,homework,1
Anyone help?,Anyone solve this question.,homework,1
Urgent homework,Write full program for this question.,homework,1
Code not working,Anyone solve this question.,homework,1
Please solve this,Please solve this homework for me.,homework,1
Anyone help?,Please solve this homework for me.,homework,1
Do my assignment,I need full code urgently.,homework,1
ASAP help,Write full program for this question.,homework,1
Code not working,Please solve this homework for me.,homework,1
Help me,Please solve this homework for me.,homework,1
Urgent homework,My assignment is due tomorrow.,homework,1
Write program for me,Please solve this homework for me.,homework,1
Code not working,Please solve this homework for me.,homework,1
Help me,I need full code urgently.,homework,1
Help me,I need full code urgently.,homework,1
Code not working,I need full code urgently.,homework,1
Write program for me,Please solve this homework for me.,homework,1
Please solve this,My assignment is due tomorrow.,homework,1
Help me,Please solve this homework for me.,homework,1
Write program for me,My assignment is due tomorrow.,homework,1
Help me,Anyone solve this question.,homework,1
Code not working,Write full program for this question.,homework,1
Please solve this,I need full code urgently.,homework,1
Urgent homework,My assignment is due tomorrow.,homework,1
I need full code,I need full code urgently.,homework,1
Please solve this,My assignment is due tomorrow.,homework,1
Code not working,Please solve this homework for me.,homework,1
Anyone help?,Write full program for this question.,homework,1
I need full code,Please solve this homework for me.,homework,1
Code not working,I need full code urgently.,homework,1
Code not working,I need full code urgently.,homework,1
I need full code,Write full program for this question.,homework,1
Anyone help?,I need full code urgently.,homework,1
Help me,Write full program for this question.,homework,1
Code not working,I need full code urgently.,homework,1
Please solve this,Write full program for this question.,homework,1
I need full code,Write full program for this question.,homework,1
Write program for me,Please solve this homework for me.,homework,1
I need full code,My assignment is due tomorrow.,homework,1
I need full code,Please solve this homework for me.,homework,1
Code not working,Anyone solve this question.,homework,1
Urgent homework,Please solve this homework for me.,homework,1
Anyone help?,Anyone solve this question.,homework,1
Anyone help?,My assignment is due tomorrow.,homework,1
Code not working,Write full program for this question.,homework,1
Do my assignment,Write full program for this question.,homework,1
Write program for me,I need full code urgently.,homework,1
Do my assignment,Anyone solve this question.,homework,1
Do my assignment,My assignment is due tomorrow.,homework,1
Please solve this,Write full program for this question.,homework,1
Homework problem,I need full code urgently.,homework,1
ASAP help,I need full code urgently.,homework,1
Please solve this,Write full program for this question.,homework,1
Please solve this,Write full program for this question.,homework,1
Help me,Anyone solve this question.,homework,1
Urgent homework,Anyone solve this question.,homework,1
Homework problem,I need full code urgently.,homework,1
Anyone help?,Anyone solve this question.,homework,1
I need full code,Please solve this homework for me.,homework,1
ASAP help,Anyone solve this question.,homework,1
Write program for me,Anyone solve this question.,homework,1
Do my assignment,My assignment is due tomorrow.,homework,1
I need full code,Write full program for this question.,homework,1
Write program for me,My assignment is due tomorrow.,homework,1
Write program for me,My assignment is due tomorrow.,homework,1
Homework problem,My assignment is due tomorrow.,homework,1
Write program for me,Anyone solve this question.,homework,1
Anyone help?,Please solve this homework for me.,homework,1
Help me,My assignment is due tomorrow.,homework,1
ASAP help,I need full code urgently.,homework,1
Please solve this,Anyone solve this question.,homework,1
Homework problem,My assignment is due tomorrow.,homework,1
Code not working,My assignment is due tomorrow.,homework,1
I need full code,Please solve this homework for me.,homework,1
I need full code,Please solve this homework for me.,homework,1
Code not working,Please solve this homework for me.,homework,1
Homework problem,Please solve this homework for me.,homework,1
Urgent homework,I need full code urgently.,homework,1
Urgent homework,My assignment is due tomorrow.,homework,1
Homework problem,I need full code urgently.,homework,1
Help me,I need full code urgently.,homework,1
I need full code,I need full code urgently.,homework,1
Anyone help?,Write full program for this question.,homework,1
ASAP help,Write full program for this question.,homework,1
ASAP help,My assignment is due tomorrow.,homework,1
Code not working,My assignment is due tomorrow.,homework,1
I need full code,Write full program for this question.,homework,1
ASAP help,My assignment is due tomorrow.,homework,1
Homework problem,My assignment is due tomorrow.,homework,1
I need full code,I need full code urgently.,homework,1
Anyone help?,Anyone solve this question.,homework,1
Anyone help?,Write full program for this question.,homework,1
ASAP help,Please solve this homework for me.,homework,1
Do my assignment,My assignment is due tomorrow.,homework,1
Anyone help?,Please solve this homework for me.,homework,1
Help me,My assignment is due tomorrow.,homework,1
Please solve this,My assignment is due tomorrow.,homework,1
Help me,I need full code urgently.,homework,1
Help me,My assignment is due tomorrow.,homework,1
Urgent homework,My assignment is due tomorrow.,homework,1
Write program for me,I need full code urgently.,homework,1
Urgent homework,Anyone solve this question.,homework,1
Homework problem,Please solve this homework for me.,homework,1
Code not working,Anyone solve this question.,homework,1
Code not working,Please solve this homework for me.,homework,1
Homework problem,My assignment is due tomorrow.,homework,1
Urgent homework,My assignment is due tomorrow.,homework,1
Anyone help?,I need full code urgently.,homework,1
ASAP help,I need full code urgently.,homework,1
Write program for me,Write full program for this question.,homework,1
Do my assignment,My assignment is due tomorrow.,homework,1
Code not working,Write full program for this question.,homework,1
Please solve this,Anyone solve this question.,homework,1
Do my assignment,I need full code urgently.,homework,1
Homework problem,My assignment is due tomorrow.,homework,1
Help me,Write full program for this question.,homework,1
I need full code,Write full program for this question.,homework,1
Anyone help?,Write full program for this question.,homework,1
Anyone help?,Please solve this homework for me.,homework,1
Urgent homework,Write full program for this question.,homework,1
Do my assignment,Please solve this homework for me.,homework,1
Please solve this,Anyone solve this question.,homework,1
I need full code,Please solve this homework for me.,homework,1
I need full code,I need full code urgently.,homework,1
Help me,I need full code urgently.,homework,1
Anyone help?,Write full program for this question.,homework,1
Anyone help?,Anyone solve this question.,homework,1
Write program for me,Please solve this homework for me.,homework,1
Homework problem,Write full program for this question.,homework,1
Urgent homework,I need full code urgently.,homework,1
Homework problem,Anyone solve this question.,homework,1
Do my assignment,Anyone solve this question.,homework,1
Anyone help?,Anyone solve this question.,homework,1
Anyone help?,Please solve this homework for me.,homework,1
Code not working,Please solve this homework for me.,homework,1
Help me,Write full program for this question.,homework,1
Anyone help?,Please solve this homework for me.,homework,1
ASAP help,Write full program for this question.,homework,1
Homework problem,I need full code urgently.,homework,1
Homework problem,Anyone solve this question.,homework,1
Anyone help?,I need full code urgently.,homework,1
Code not working,Anyone solve this question.,homework,1
Urgent homework,My assignment is due tomorrow.,homework,1
Urgent homework,I need full code urgently.,homework,1
Help me,Please solve this homework for me.,homework,1
Write program for me,Write full program for this question.,homework,1
ASAP help,Write full program for this question.,homework,1
Urgent homework,Write full program for this question.,homework,1
Anyone help?,My assignment is due tomorrow.,homework,1
Do my assignment,Please solve this homework for me.,homework,1
Please solve this,Please solve this homework for me.,homework,1
Write program for me,Anyone solve this question.,homework,1
Homework problem,Anyone solve this question.,homework,1
ASAP help,I need full code urgently.,homework,1
Urgent homework,I need full code urgently.,homework,1
Please solve this,My assignment is due tomorrow.,homework,1
Do my assignment,Please solve this homework for me.,homework,1
Homework problem,Anyone solve this question.,homework,1
Please solve this,I need full code urgently.,homework,1
Help me,My assignment is due tomorrow.,homework,1
Code not working,Write full program for this question.,homework,1
Code not working,Write full program for this question.,homework,1
Help me,Anyone solve this question.,homework,1
Homework problem,Please solve this homework for me.,homework,1
Do my assignment,Write full program for this question.,homework,1
Code not working,I need full code urgently.,homework,1
Write program for me,Write full program for this question.,homework,1
Do my assignment,Please solve this homework for me.,homework,1
Do my assignment,Anyone solve this question.,homework,1
Code not working,Please solve this homework for me.,homework,1
Anyone help?,Write full program for this question.,homework,1
Help me,Write full program for this question.,homework,1
Anyone help?,Please solve this homework for me.,homework,1
Anyone help?,My assignment is due tomorrow.,homework,1
Code not working,Write full program for this question.,homework,1
Help me,Write full program for this question.,homework,1
Code not working,Please solve this homework for me.,homework,1
I need full code,Please solve this homework for me.,homework,1
Homework problem,My assignment is due tomorrow.,homework,1
Help me,Write full program for this question.,homework,1
Anyone help?,Anyone solve this question.,homework,1
Anyone help?,Write full program for this question.,homework,1
Do my assignment,Write full program for this question.,homework,1
Code not working,My assignment is due tomorrow.,homework,1
Do my assignment,Write full program for this question.,homework,1
Help me,Anyone solve this question.,homework,1
Urgent homework,My assignment is due tomorrow.,homework,1
Code not working,I need full code urgently.,homework,1
I need full code,I need full code urgently.,homework,1
Help me,Anyone solve this question.,homework,1
Code not working,Please solve this homework for me.,homework,1
Help me,Please solve this homework for me.,homework,1
Write program for me,Write full program for this question.,homework,1
Code not working,I need full code urgently.,homework,1
ASAP help,My assignment is due tomorrow.,homework,1
Help me,I need full code urgently.,homework,1
Help me,I need full code urgently.,homework,1
Code not working,Write full program for this question.,homework,1
I need full code,Please solve this homework for me.,homework,1
I need full code,Please solve this homework for me.,homework,1
Write program for me,Write full program for this question.,homework,1
Code not working,I need full code urgently.,homework,1
Urgent homework,I need full code urgently.,homework,1
Please solve this,I need full code urgently.,homework,1
Anyone help?,I need full code urgently.,homework,1
Help me,Write full program for this question.,homework,1
Urgent homework,Write full program for this question.,homework,1
Write program for me,I need full code urgently.,homework,1
Homework problem,Please solve this homework for me.,homework,1
I need full code,My assignment is due tomorrow.,homework,1
ASAP help,Write full program for this question.,homework,1
Anyone help?,I need full code urgently.,homework,1
Help me,Write full program for this question.,homework,1
Please solve this,My assignment is due tomorrow.,homework,1
Please solve this,Anyone solve this question.,homework,1
Help me,My assignment is due tomorrow.,homework,1
Anyone help?,Write full program for this question.,homework,1
Homework problem,Please solve this homework for me.,homework,1
ASAP help,I need full code urgently.,homework,1
Write program for me,I need full code urgently.,homework,1
I need full code,Write full program for this question.,homework,1
